[
  {
    "sentence": "The keys are in the room",
    "words": ["room", "keys", "The", "in", "the", "are"]
  },
  {
    "sentence": "That is a phone",
    "words": ["is", "phone", "a", "That"]
  },
  {
    "sentence": "Does he play basketball?",
    "words": ["basketball?", "play", "Does", "he"]
  },
  {
    "sentence": "I will call you",
    "words": ["call", "I", "you", "will"]
  },
  {
    "sentence": "Venezuela it's a beautiful country",
    "words": ["beautiful", "it's", "Venezuela", "country", "a"]
  }
]